"ate_rmse","ate_cover","ate_len","cate_rmse","cate_cover","cate_len"
0.142311118251703,0.9,0.905798260531955,0.80984928658255,0.9352,2.80944156084624
